--
-- PostgreSQL database dump
--

-- Dumped from database version 11.1
-- Dumped by pg_dump version 11.2

SET statement_timeout = 0;
SET lock_timeout = 0;
SET idle_in_transaction_session_timeout = 0;
SET client_encoding = 'UTF8';
SET standard_conforming_strings = on;
SELECT pg_catalog.set_config('search_path', '', false);
SET check_function_bodies = false;
SET client_min_messages = warning;
SET row_security = off;

DROP INDEX public."index_Conf";
ALTER TABLE ONLY public."TreeX" DROP CONSTRAINT "unique_TreeX_TUUID";
ALTER TABLE ONLY public."InstanceX" DROP CONSTRAINT "unique_ObjectX_GUID";
ALTER TABLE ONLY public."ISetX" DROP CONSTRAINT "unique_ISetX_IUUID";
ALTER TABLE ONLY public."SetX" DROP CONSTRAINT "SetsX_GUID_key";
ALTER TABLE ONLY public."ConfigX" DROP CONSTRAINT "ConfigX_pkey";
ALTER TABLE ONLY public."ConceptX" DROP CONSTRAINT "ConceptX_pkey";
DROP TABLE public."TreeX";
DROP TABLE public."SetX";
DROP TABLE public."InstanceX";
DROP TABLE public."ISetX";
DROP TABLE public."ConfigX";
DROP TABLE public."ConceptX";
DROP TYPE public.uuidlisttemp;
DROP TYPE public.uuidlist;
DROP EXTENSION "uuid-ossp";
DROP EXTENSION tablefunc;
--
-- Name: tablefunc; Type: EXTENSION; Schema: -; Owner: 
--

CREATE EXTENSION IF NOT EXISTS tablefunc WITH SCHEMA public;


--
-- Name: EXTENSION tablefunc; Type: COMMENT; Schema: -; Owner: 
--

COMMENT ON EXTENSION tablefunc IS 'functions that manipulate whole tables, including crosstab';


--
-- Name: uuid-ossp; Type: EXTENSION; Schema: -; Owner: 
--

CREATE EXTENSION IF NOT EXISTS "uuid-ossp" WITH SCHEMA public;


--
-- Name: EXTENSION "uuid-ossp"; Type: COMMENT; Schema: -; Owner: 
--

COMMENT ON EXTENSION "uuid-ossp" IS 'generate universally unique identifiers (UUIDs)';


--
-- Name: uuidlist; Type: TYPE; Schema: public; Owner: postgres
--

CREATE TYPE public.uuidlist AS (
	uuid1 uuid,
	uuid2 uuid,
	uuid3 uuid,
	uuid4 uuid,
	uuid5 uuid,
	uuid6 uuid,
	uuid7 uuid,
	uuid8 uuid,
	uuid9 uuid,
	uuid10 uuid
);


ALTER TYPE public.uuidlist OWNER TO postgres;

--
-- Name: uuidlisttemp; Type: TYPE; Schema: public; Owner: postgres
--

CREATE TYPE public.uuidlisttemp AS (
	link1 uuid,
	link2 uuid
);


ALTER TYPE public.uuidlisttemp OWNER TO postgres;

SET default_tablespace = '';

SET default_with_oids = false;

--
-- Name: ConceptX; Type: TABLE; Schema: public; Owner: postgres
--

CREATE TABLE public."ConceptX" (
    "GUID" uuid NOT NULL,
    "CPARENT" uuid,
    "CCONCEPT" bigint NOT NULL,
    "CPROP" integer NOT NULL,
    "CNAME" character varying(80) NOT NULL,
    "CUUID1" uuid,
    "CUUID3" uuid,
    "CUUID4" uuid,
    "CINT1" bigint,
    "CINT2" bigint,
    "CBITS1" bigint,
    "CBITS2" bigint,
    "CFLOAT1" double precision,
    "CFLOAT2" double precision,
    "CCODE" character varying(40),
    "CCHAR1" character varying(80),
    "CCHAR2" character varying(80),
    "CTXTBLOB" bytea,
    "CDATETIME1" timestamp with time zone,
    "CDATETIME2" time with time zone,
    "CACCESS" integer,
    "CDB" uuid,
    "CPACK" bigint,
    "COWNERDB" integer,
    "CAUTHOR" uuid,
    "CUSER" uuid,
    "CPIC" uuid,
    "СDATETIME" timestamp without time zone DEFAULT now() NOT NULL,
    "CUUID2" public.uuidlist,
    "Conf" jsonb,
    "ConfDevice" jsonb
);


ALTER TABLE public."ConceptX" OWNER TO postgres;

--
-- Name: ConfigX; Type: TABLE; Schema: public; Owner: postgres
--

CREATE TABLE public."ConfigX" (
    "CFGUID" uuid DEFAULT public.uuid_generate_v4() NOT NULL,
    "Conceptx" bigint,
    "CFName" character varying NOT NULL,
    "ConceptID" bigint,
    "CUUID1" uuid,
    "FieldName" text,
    "CFConf" jsonb,
    "CFEngName" character varying(2044),
    icon bytea
);


ALTER TABLE public."ConfigX" OWNER TO postgres;

--
-- Name: ISetX; Type: TABLE; Schema: public; Owner: postgres
--

CREATE TABLE public."ISetX" (
    "ISUUID" uuid NOT NULL,
    "ISetName" text,
    "ISOWNER" uuid NOT NULL,
    "ISUUID1" uuid,
    "ISConcept" bigint,
    "ISUUD2" uuid
);


ALTER TABLE public."ISetX" OWNER TO postgres;

--
-- Name: InstanceX; Type: TABLE; Schema: public; Owner: postgres
--

CREATE TABLE public."InstanceX" (
    "IUUID" uuid NOT NULL,
    "IParent" uuid,
    "IName" text,
    "ICUID2" uuid,
    "ICUID3" uuid,
    "ICUID4" uuid,
    "IConcept" bigint,
    "IConceptId" bigint,
    "IType" uuid,
    "IINT1" bigint,
    "IUUID1" uuid
);


ALTER TABLE public."InstanceX" OWNER TO postgres;

--
-- Name: SetX; Type: TABLE; Schema: public; Owner: postgres
--

CREATE TABLE public."SetX" (
    "GUID" uuid DEFAULT public.uuid_generate_v4() NOT NULL,
    "ConceptSetX" bigint,
    "SOWNER" uuid,
    "GUID1" uuid,
    "SNAME" character varying(2044),
    "CCONCEPT" bigint,
    "Bits1" bigint
);


ALTER TABLE public."SetX" OWNER TO postgres;

--
-- Name: TreeX; Type: TABLE; Schema: public; Owner: postgres
--

CREATE TABLE public."TreeX" (
    "TUUID" uuid NOT NULL,
    "TName" uuid NOT NULL
);


ALTER TABLE public."TreeX" OWNER TO postgres;

--
-- Data for Name: ConceptX; Type: TABLE DATA; Schema: public; Owner: postgres
--

INSERT INTO public."ConceptX" VALUES ('ff3190fb-abdb-4465-bb17-a372b29746c8', NULL, 8100, 255, 'Администраторы', '1c467754-e122-4dfe-908c-9863e7b3ba51', NULL, NULL, NULL, NULL, NULL, NULL, NULL, NULL, NULL, NULL, NULL, NULL, NULL, NULL, NULL, NULL, NULL, NULL, 'dba0960a-8fd4-4afb-8a2a-8b880c2b2f45', 'dba0960a-8fd4-4afb-8a2a-8b880c2b2f45', NULL, '2019-08-02 13:52:22.106813', NULL, NULL, NULL);
INSERT INTO public."ConceptX" VALUES ('6edaa612-1e64-4228-b18b-53000097eda7', NULL, 3000, 255, 'Ethernet', '5b05c7ce-24f5-4e25-9ef9-636e326cb53d', NULL, NULL, NULL, NULL, NULL, NULL, NULL, NULL, NULL, NULL, NULL, NULL, NULL, NULL, NULL, NULL, NULL, NULL, 'dba0960a-8fd4-4afb-8a2a-8b880c2b2f45', 'dba0960a-8fd4-4afb-8a2a-8b880c2b2f45', NULL, '2019-08-02 14:07:26.105813', NULL, NULL, NULL);
INSERT INTO public."ConceptX" VALUES ('f494b638-0150-4bb1-a8cf-764b2ae6a2ca', NULL, 3000, 255, 'Radio', '5b05c7ce-24f5-4e25-9ef9-636e326cb53d', NULL, NULL, NULL, NULL, NULL, NULL, NULL, NULL, NULL, NULL, NULL, NULL, NULL, NULL, NULL, NULL, NULL, NULL, 'dba0960a-8fd4-4afb-8a2a-8b880c2b2f45', 'dba0960a-8fd4-4afb-8a2a-8b880c2b2f45', NULL, '2019-08-02 14:07:32.928813', NULL, NULL, NULL);
INSERT INTO public."ConceptX" VALUES ('dba0960a-8fd4-4afb-8a2a-8b880c2b2f45', NULL, 8100, 255, 'Ильин', 'ff3190fb-abdb-4465-bb17-a372b29746c8', NULL, NULL, NULL, NULL, NULL, NULL, NULL, NULL, NULL, NULL, NULL, NULL, NULL, NULL, NULL, NULL, NULL, NULL, 'dba0960a-8fd4-4afb-8a2a-8b880c2b2f45', 'dba0960a-8fd4-4afb-8a2a-8b880c2b2f45', NULL, '2019-08-02 13:52:22.106813', NULL, NULL, NULL);
INSERT INTO public."ConceptX" VALUES ('11111111-1111-1111-1111-000000003000', NULL, 3000, 255, 'Последовательный порт', '5b05c7ce-24f5-4e25-9ef9-636e326cb53d', NULL, NULL, NULL, NULL, NULL, NULL, NULL, NULL, NULL, NULL, NULL, NULL, NULL, NULL, NULL, NULL, NULL, NULL, 'dba0960a-8fd4-4afb-8a2a-8b880c2b2f45', 'dba0960a-8fd4-4afb-8a2a-8b880c2b2f45', NULL, '2019-08-02 14:02:40.378813', NULL, NULL, NULL);
INSERT INTO public."ConceptX" VALUES ('00000000-0000-0000-0000-000000150013', NULL, 150000, 255, 'Выключать при закрытии двери', NULL, NULL, NULL, 13, NULL, NULL, NULL, NULL, NULL, NULL, NULL, NULL, NULL, NULL, NULL, NULL, NULL, NULL, NULL, NULL, NULL, NULL, '2019-08-19 07:34:25.788165', NULL, NULL, NULL);
INSERT INTO public."ConceptX" VALUES ('00000000-0000-0000-0000-000000150014', NULL, 150000, 255, 'События о включении / выключении реле', NULL, NULL, NULL, 14, NULL, NULL, NULL, NULL, NULL, NULL, NULL, NULL, NULL, NULL, NULL, NULL, NULL, NULL, NULL, NULL, NULL, NULL, '2019-08-19 07:35:02.049666', NULL, NULL, NULL);
INSERT INTO public."ConceptX" VALUES ('00000000-0000-0000-0000-000000150015', NULL, 150000, 255, 'Хозорган', NULL, NULL, NULL, 15, NULL, NULL, NULL, NULL, NULL, NULL, NULL, NULL, NULL, NULL, NULL, NULL, NULL, NULL, NULL, NULL, NULL, NULL, '2019-08-19 07:36:51.404977', NULL, NULL, NULL);
INSERT INTO public."ConceptX" VALUES ('00000000-0000-0000-0001-000000005001', NULL, 5000, 255, 'Максимальная длина пин-кода', NULL, NULL, NULL, 1, NULL, NULL, NULL, NULL, NULL, NULL, NULL, NULL, NULL, NULL, NULL, NULL, NULL, NULL, NULL, NULL, NULL, NULL, '2019-08-19 05:46:46.90092', NULL, NULL, NULL);
INSERT INTO public."ConceptX" VALUES ('00000000-0000-0000-0000-000000150016', NULL, 150000, 255, 'Взятие', NULL, NULL, NULL, 16, NULL, NULL, NULL, NULL, NULL, NULL, NULL, NULL, NULL, NULL, NULL, NULL, NULL, NULL, NULL, NULL, NULL, NULL, '2019-08-19 07:37:18.830955', NULL, NULL, NULL);
INSERT INTO public."ConceptX" VALUES ('00000000-0000-0000-0000-000000150001', NULL, 150000, 255, 'Доступ', NULL, NULL, NULL, 1, NULL, NULL, NULL, NULL, NULL, NULL, NULL, NULL, NULL, NULL, NULL, NULL, NULL, NULL, NULL, NULL, NULL, NULL, '2019-08-19 06:25:01.09102', NULL, NULL, NULL);
INSERT INTO public."ConceptX" VALUES ('00000000-0000-0000-0000-000000150002', NULL, 150000, 255, 'Программирование', NULL, NULL, NULL, 2, NULL, NULL, NULL, NULL, NULL, NULL, NULL, NULL, NULL, NULL, NULL, NULL, NULL, NULL, NULL, NULL, NULL, NULL, '2019-08-19 06:32:47.356035', NULL, NULL, NULL);
INSERT INTO public."ConceptX" VALUES ('00000000-0000-0000-0000-000000150003', NULL, 150000, 255, 'Взлом и блокировка двери', NULL, NULL, NULL, 3, NULL, NULL, NULL, NULL, NULL, NULL, NULL, NULL, NULL, NULL, NULL, NULL, NULL, NULL, NULL, NULL, NULL, NULL, '2019-08-19 06:33:21.083456', NULL, NULL, NULL);
INSERT INTO public."ConceptX" VALUES ('00000000-0000-0000-0000-000000150004', NULL, 150000, 255, 'Тревоги по ШС', NULL, NULL, NULL, 4, NULL, NULL, NULL, NULL, NULL, NULL, NULL, NULL, NULL, NULL, NULL, NULL, NULL, NULL, NULL, NULL, NULL, NULL, '2019-08-19 06:33:54.78817', NULL, NULL, NULL);
INSERT INTO public."ConceptX" VALUES ('00000000-0000-0000-0000-000000150005', NULL, 150000, 255, 'Датчик прохода', NULL, NULL, NULL, 5, NULL, NULL, NULL, NULL, NULL, NULL, NULL, NULL, NULL, NULL, NULL, NULL, NULL, NULL, NULL, NULL, NULL, NULL, '2019-08-19 06:37:04.329048', NULL, NULL, NULL);
INSERT INTO public."ConceptX" VALUES ('00000000-0000-0000-0000-000000150006', NULL, 150000, 255, 'Контроль блокировки', NULL, NULL, NULL, 6, NULL, NULL, NULL, NULL, NULL, NULL, NULL, NULL, NULL, NULL, NULL, NULL, NULL, NULL, NULL, NULL, NULL, NULL, '2019-08-19 06:37:39.45155', NULL, NULL, NULL);
INSERT INTO public."ConceptX" VALUES ('00000000-0000-0000-0000-000000150007', NULL, 150000, 255, 'Контроль взлома', NULL, NULL, NULL, 7, NULL, NULL, NULL, NULL, NULL, NULL, NULL, NULL, NULL, NULL, NULL, NULL, NULL, NULL, NULL, NULL, NULL, NULL, '2019-08-19 06:38:11.862509', NULL, NULL, NULL);
INSERT INTO public."ConceptX" VALUES ('00000000-0000-0000-0000-000000150008', NULL, 150000, 255, 'Двойная идентификация', NULL, NULL, NULL, 8, NULL, NULL, NULL, NULL, NULL, NULL, NULL, NULL, NULL, NULL, NULL, NULL, NULL, NULL, NULL, NULL, NULL, NULL, '2019-08-19 06:38:42.541119', NULL, NULL, NULL);
INSERT INTO public."ConceptX" VALUES ('00000000-0000-0000-0000-000000150009', NULL, 150000, 255, 'Блокировка двери при взятии любого ШС', NULL, NULL, NULL, 9, NULL, NULL, NULL, NULL, NULL, NULL, NULL, NULL, NULL, NULL, NULL, NULL, NULL, NULL, NULL, NULL, NULL, NULL, '2019-08-19 06:39:49.939265', NULL, NULL, NULL);
INSERT INTO public."ConceptX" VALUES ('00000000-0000-0000-0000-000000150010', NULL, 150000, 255, 'Блокировка двери при взятии всех ШС', NULL, NULL, NULL, 10, NULL, NULL, NULL, NULL, NULL, NULL, NULL, NULL, NULL, NULL, NULL, NULL, NULL, NULL, NULL, NULL, NULL, NULL, '2019-08-19 06:40:31.316358', NULL, NULL, NULL);
INSERT INTO public."ConceptX" VALUES ('00000000-0000-0000-0000-000000150011', NULL, 150000, 255, 'Индицировать тревоги по шлейфам', NULL, NULL, NULL, 11, NULL, NULL, NULL, NULL, NULL, NULL, NULL, NULL, NULL, NULL, NULL, NULL, NULL, NULL, NULL, NULL, NULL, NULL, '2019-08-19 06:42:11.879517', NULL, NULL, NULL);
INSERT INTO public."ConceptX" VALUES ('00000000-0000-0000-0000-000000150012', NULL, 150000, 255, 'Выключать при открытиии двери', NULL, NULL, NULL, 12, NULL, NULL, NULL, NULL, NULL, NULL, NULL, NULL, NULL, NULL, NULL, NULL, NULL, NULL, NULL, NULL, NULL, NULL, '2019-08-19 07:33:45.086352', NULL, NULL, NULL);
INSERT INTO public."ConceptX" VALUES ('00000000-0000-0000-0000-000000150017', NULL, 150000, 255, 'Снятие', NULL, NULL, NULL, 17, NULL, NULL, NULL, NULL, NULL, NULL, NULL, NULL, NULL, NULL, NULL, NULL, NULL, NULL, NULL, NULL, NULL, NULL, '2019-08-19 07:37:40.874852', NULL, NULL, NULL);
INSERT INTO public."ConceptX" VALUES ('00000000-0000-0000-0000-000000150018', NULL, 150000, 255, 'Ключ блокирован', NULL, NULL, NULL, 18, NULL, NULL, NULL, NULL, NULL, NULL, NULL, NULL, NULL, NULL, NULL, NULL, NULL, NULL, NULL, NULL, NULL, NULL, '2019-08-19 07:38:22.845871', NULL, NULL, NULL);
INSERT INTO public."ConceptX" VALUES ('00000000-0000-0000-0000-000000150019', NULL, 150000, 255, 'Без дополнительного кода', NULL, NULL, NULL, 19, NULL, NULL, NULL, NULL, NULL, NULL, NULL, NULL, NULL, NULL, NULL, NULL, NULL, NULL, NULL, NULL, NULL, NULL, '2019-08-19 07:38:55.674348', NULL, NULL, NULL);
INSERT INTO public."ConceptX" VALUES ('00000000-0000-0000-0000-000000150020', NULL, 150000, 255, 'Ограничение срока действия', NULL, NULL, NULL, 20, NULL, NULL, NULL, NULL, NULL, NULL, NULL, NULL, NULL, NULL, NULL, NULL, NULL, NULL, NULL, NULL, NULL, NULL, '2019-08-19 07:39:21.709433', NULL, NULL, NULL);
INSERT INTO public."ConceptX" VALUES ('00000000-0000-0000-0000-000000150021', NULL, 150000, 255, 'Шаблон блокирован', NULL, NULL, NULL, 21, NULL, NULL, NULL, NULL, NULL, NULL, NULL, NULL, NULL, NULL, NULL, NULL, NULL, NULL, NULL, NULL, NULL, NULL, '2019-08-19 07:40:13.167094', NULL, NULL, NULL);
INSERT INTO public."ConceptX" VALUES ('00000000-0000-0000-0000-000000160001', NULL, 160000, 255, 'Включен', NULL, NULL, NULL, 1, NULL, NULL, NULL, NULL, NULL, NULL, NULL, NULL, NULL, NULL, NULL, NULL, NULL, NULL, NULL, NULL, NULL, NULL, '2019-08-19 07:42:03.522603', NULL, NULL, NULL);
INSERT INTO public."ConceptX" VALUES ('00000000-0000-0000-0000-000000160002', NULL, 160000, 255, 'Включен красный, если взят любой из заданных ШС', NULL, NULL, NULL, 2, NULL, NULL, NULL, NULL, NULL, NULL, NULL, NULL, NULL, NULL, NULL, NULL, NULL, NULL, NULL, NULL, NULL, NULL, '2019-08-19 07:42:53.182046', NULL, NULL, NULL);
INSERT INTO public."ConceptX" VALUES ('00000000-0000-0000-0000-000000160003', NULL, 160000, 255, 'Включен красный, если взяты все из заданных ШС', NULL, NULL, NULL, 3, NULL, NULL, NULL, NULL, NULL, NULL, NULL, NULL, NULL, NULL, NULL, NULL, NULL, NULL, NULL, NULL, NULL, NULL, '2019-08-19 07:43:43.361541', NULL, NULL, NULL);
INSERT INTO public."ConceptX" VALUES ('00000000-0000-0000-0000-000000160004', NULL, 160000, 255, 'Включен красный', NULL, NULL, NULL, 4, NULL, NULL, NULL, NULL, NULL, NULL, NULL, NULL, NULL, NULL, NULL, NULL, NULL, NULL, NULL, NULL, NULL, NULL, '2019-08-19 07:44:11.208528', NULL, NULL, NULL);
INSERT INTO public."ConceptX" VALUES ('00000000-0000-0000-0000-000000170001', NULL, 170000, 255, 'Воспрещен', NULL, NULL, NULL, 1, NULL, NULL, NULL, NULL, NULL, NULL, NULL, NULL, NULL, NULL, NULL, NULL, NULL, NULL, NULL, NULL, NULL, NULL, '2019-08-19 07:46:37.303544', NULL, NULL, NULL);
INSERT INTO public."ConceptX" VALUES ('00000000-0000-0000-0000-000000170002', NULL, 170000, 255, 'Простой', NULL, NULL, NULL, 2, NULL, NULL, NULL, NULL, NULL, NULL, NULL, NULL, NULL, NULL, NULL, NULL, NULL, NULL, NULL, NULL, NULL, NULL, '2019-08-19 07:47:12.114968', NULL, NULL, NULL);
INSERT INTO public."ConceptX" VALUES ('00000000-0000-0000-0000-000000170003', NULL, 170000, 255, 'Подтверждающий', NULL, NULL, NULL, 3, NULL, NULL, NULL, NULL, NULL, NULL, NULL, NULL, NULL, NULL, NULL, NULL, NULL, NULL, NULL, NULL, NULL, NULL, '2019-08-19 07:47:54.767033', NULL, NULL, NULL);
INSERT INTO public."ConceptX" VALUES ('00000000-0000-0000-0000-000000170004', NULL, 170000, 255, 'По правилу 2-х лиц', NULL, NULL, NULL, 4, NULL, NULL, NULL, NULL, NULL, NULL, NULL, NULL, NULL, NULL, NULL, NULL, NULL, NULL, NULL, NULL, NULL, NULL, '2019-08-19 07:48:26.691868', NULL, NULL, NULL);
INSERT INTO public."ConceptX" VALUES ('00000000-0000-0000-0000-000000170005', NULL, 170000, 255, 'По правилу 3-х лиц', NULL, NULL, NULL, 5, NULL, NULL, NULL, NULL, NULL, NULL, NULL, NULL, NULL, NULL, NULL, NULL, NULL, NULL, NULL, NULL, NULL, NULL, '2019-08-19 07:48:55.783178', NULL, NULL, NULL);
INSERT INTO public."ConceptX" VALUES ('00000000-0000-0000-0000-000000150022', NULL, 150000, 255, 'Зональный antipassback', NULL, NULL, NULL, 22, NULL, NULL, NULL, NULL, NULL, NULL, NULL, NULL, NULL, NULL, NULL, NULL, NULL, NULL, NULL, NULL, NULL, NULL, '2019-08-19 07:49:50.090409', NULL, NULL, NULL);
INSERT INTO public."ConceptX" VALUES ('00000000-0000-0000-0000-000000170006', NULL, 170000, 255, 'С подтверждением кнопкой', NULL, NULL, NULL, 6, NULL, NULL, NULL, NULL, NULL, NULL, NULL, NULL, NULL, NULL, NULL, NULL, NULL, NULL, NULL, NULL, NULL, NULL, '2019-08-19 08:43:59.098487', NULL, NULL, NULL);
INSERT INTO public."ConceptX" VALUES ('00000000-0000-0000-0000-000000170007', NULL, 170000, 255, 'Открывающий', NULL, NULL, NULL, 7, NULL, NULL, NULL, NULL, NULL, NULL, NULL, NULL, NULL, NULL, NULL, NULL, NULL, NULL, NULL, NULL, NULL, NULL, '2019-08-19 08:45:53.932487', NULL, NULL, NULL);
INSERT INTO public."ConceptX" VALUES ('00000000-0000-0000-0000-000000170008', NULL, 170000, 255, 'Закрывающий', NULL, NULL, NULL, 8, NULL, NULL, NULL, NULL, NULL, NULL, NULL, NULL, NULL, NULL, NULL, NULL, NULL, NULL, NULL, NULL, NULL, NULL, '2019-08-19 08:46:30.444487', NULL, NULL, NULL);
INSERT INTO public."ConceptX" VALUES ('00000000-0000-0000-0000-000000180001', NULL, 180000, 255, 'Основной', NULL, NULL, NULL, 1, NULL, NULL, NULL, NULL, NULL, NULL, NULL, NULL, NULL, NULL, NULL, NULL, NULL, NULL, NULL, NULL, NULL, NULL, '2019-08-19 08:49:08.288487', NULL, NULL, NULL);
INSERT INTO public."ConceptX" VALUES ('00000000-0000-0000-0000-000000180002', NULL, 180000, 255, 'Мастер', NULL, NULL, NULL, 2, NULL, NULL, NULL, NULL, NULL, NULL, NULL, NULL, NULL, NULL, NULL, NULL, NULL, NULL, NULL, NULL, NULL, NULL, '2019-08-19 08:49:38.980487', NULL, NULL, NULL);
INSERT INTO public."ConceptX" VALUES ('00000000-0000-0000-0000-000000180003', NULL, 180000, 255, 'Открывающий', NULL, NULL, NULL, 3, NULL, NULL, NULL, NULL, NULL, NULL, NULL, NULL, NULL, NULL, NULL, NULL, NULL, NULL, NULL, NULL, NULL, NULL, '2019-08-19 08:50:01.594487', NULL, NULL, NULL);
INSERT INTO public."ConceptX" VALUES ('00000000-0000-0000-0000-000000180004', NULL, 180000, 255, 'Закрывающий', NULL, NULL, NULL, 4, NULL, NULL, NULL, NULL, NULL, NULL, NULL, NULL, NULL, NULL, NULL, NULL, NULL, NULL, NULL, NULL, NULL, NULL, '2019-08-19 08:50:27.662487', NULL, NULL, NULL);
INSERT INTO public."ConceptX" VALUES ('00000000-0000-0000-0000-000000190001', NULL, 190000, 255, 'Нет', NULL, NULL, NULL, 1, NULL, NULL, NULL, NULL, NULL, NULL, NULL, NULL, NULL, NULL, NULL, NULL, NULL, NULL, NULL, NULL, NULL, NULL, '2019-08-19 08:51:52.020487', NULL, NULL, NULL);
INSERT INTO public."ConceptX" VALUES ('00000000-0000-0000-0000-000000190002', NULL, 190000, 255, 'Строгий', NULL, NULL, NULL, 2, NULL, NULL, NULL, NULL, NULL, NULL, NULL, NULL, NULL, NULL, NULL, NULL, NULL, NULL, NULL, NULL, NULL, NULL, '2019-08-19 08:52:23.966487', NULL, NULL, NULL);
INSERT INTO public."ConceptX" VALUES ('00000000-0000-0000-0000-000000190003', NULL, 190000, 255, 'Временной', NULL, NULL, NULL, 3, NULL, NULL, NULL, NULL, NULL, NULL, NULL, NULL, NULL, NULL, NULL, NULL, NULL, NULL, NULL, NULL, NULL, NULL, '2019-08-19 08:52:41.956487', NULL, NULL, NULL);
INSERT INTO public."ConceptX" VALUES ('00000000-0000-0000-0000-000000190004', NULL, 190000, 255, 'Мягкий', NULL, NULL, NULL, 4, NULL, NULL, NULL, NULL, NULL, NULL, NULL, NULL, NULL, NULL, NULL, NULL, NULL, NULL, NULL, NULL, NULL, NULL, '2019-08-19 08:52:58.884487', NULL, NULL, NULL);
INSERT INTO public."ConceptX" VALUES ('00000000-0000-0000-0000-000000130001', NULL, 130000, 255, 'Турникет', NULL, NULL, NULL, 3, NULL, NULL, NULL, NULL, NULL, NULL, NULL, NULL, NULL, NULL, NULL, NULL, NULL, NULL, NULL, NULL, NULL, NULL, '2019-08-19 05:44:06.183451', NULL, NULL, NULL);
INSERT INTO public."ConceptX" VALUES ('00000000-0000-0000-0000-000000130003', NULL, 130000, 255, 'Шлагбаум', NULL, NULL, NULL, 4, NULL, NULL, NULL, NULL, NULL, NULL, NULL, NULL, NULL, NULL, NULL, NULL, NULL, NULL, NULL, NULL, NULL, NULL, '2019-08-19 05:44:37.660719', NULL, NULL, NULL);
INSERT INTO public."ConceptX" VALUES ('00000000-0000-0000-0000-000000130004', NULL, 130000, 255, 'Шлюз', NULL, NULL, NULL, 5, NULL, NULL, NULL, NULL, NULL, NULL, NULL, NULL, NULL, NULL, NULL, NULL, NULL, NULL, NULL, NULL, NULL, NULL, '2019-08-19 05:45:04.964248', NULL, NULL, NULL);
INSERT INTO public."ConceptX" VALUES ('00000000-0000-0000-0000-000000130005', NULL, 130000, 255, 'Две двери на вход', NULL, NULL, NULL, 1, NULL, NULL, NULL, NULL, NULL, NULL, NULL, NULL, NULL, NULL, NULL, NULL, NULL, NULL, NULL, NULL, NULL, NULL, '2019-08-17 13:57:10.027187', NULL, NULL, NULL);
INSERT INTO public."ConceptX" VALUES ('00000000-0000-0000-0000-000000140001', NULL, 140000, 255, 'Touch Memory', NULL, NULL, NULL, 1, NULL, NULL, NULL, NULL, NULL, NULL, NULL, NULL, NULL, NULL, NULL, NULL, NULL, NULL, NULL, NULL, NULL, NULL, '2019-08-19 05:49:38.168986', NULL, NULL, NULL);
INSERT INTO public."ConceptX" VALUES ('00000000-0000-0000-0000-000000140002', NULL, 140000, 255, 'Wiegand', NULL, NULL, NULL, 2, NULL, NULL, NULL, NULL, NULL, NULL, NULL, NULL, NULL, NULL, NULL, NULL, NULL, NULL, NULL, NULL, NULL, NULL, '2019-08-19 05:50:51.518474', NULL, NULL, NULL);
INSERT INTO public."ConceptX" VALUES ('00000000-0000-0000-0000-000000140003', NULL, 140000, 255, 'ABA TRACKII', NULL, NULL, NULL, 3, NULL, NULL, NULL, NULL, NULL, NULL, NULL, NULL, NULL, NULL, NULL, NULL, NULL, NULL, NULL, NULL, NULL, NULL, '2019-08-19 06:14:10.553505', NULL, NULL, NULL);
INSERT INTO public."ConceptX" VALUES ('24227921-6d86-4bed-9654-310a5e28b408', NULL, 2, 255, 'ШС', '00000000-0000-0000-0000-000000140000', NULL, NULL, NULL, NULL, 15, NULL, NULL, NULL, NULL, NULL, NULL, NULL, NULL, NULL, NULL, NULL, NULL, NULL, NULL, NULL, NULL, '2019-08-19 06:19:11.15922', NULL, NULL, NULL);
INSERT INTO public."ConceptX" VALUES ('00000000-0000-0000-0000-000000130002', NULL, 130000, 255, 'Одна дверь на вход|выход', NULL, NULL, NULL, 2, NULL, NULL, NULL, NULL, NULL, NULL, NULL, NULL, NULL, NULL, NULL, NULL, NULL, NULL, NULL, NULL, NULL, NULL, '2019-08-17 13:57:50.975975', NULL, NULL, NULL);
INSERT INTO public."ConceptX" VALUES ('00000000-0000-0000-0000-000000005001', NULL, 5001, 255, 'C2000-2', '00000000-0000-0000-0000-000000130000', NULL, NULL, 1, NULL, 15, NULL, NULL, NULL, NULL, NULL, NULL, NULL, NULL, NULL, NULL, NULL, NULL, NULL, NULL, NULL, NULL, '2019-08-15 15:23:10.990487', NULL, '{"Bits": {}, "Links": {}, "Labels": {"CINT1": "Адрес"}, "Formats": {}, "MenuSet": {}, "Defaults": {}, "Editable": {}, "Visibility": {}, "DesignTable": {}, "MenuActionSet": {}, "DesignRefRowsForm": {}, "DesignRefGroupsForm": {}}', '{"Ключи": {}, "Выходы": {}, "Шлейфы": {}, "Приборы": {"type": "group", "settings": {"Режим работы": ["Две двери на вход", "Одна дверь на вход|выход", "Турникет", "Шлагбаум", "Шлюз"], "Макс. длина PIN-кода": {"default": 6}, "Звуковая сингнализация": {"type": "group", "settings": {"Доступ": false, "Тревоги по ШС": false, "Программирование": false, "Взлом и блокировка двери": false}}, "Время ожидания прохода, c ": {"default": 10.000}}}, "Временные окна": {}, "Уровни доступа": {}, "Шаблоны доступа": {}}');
INSERT INTO public."ConceptX" VALUES ('00000000-0000-0000-0000-000000008001', NULL, 8200, 255, 'Сотрудник', NULL, NULL, NULL, NULL, NULL, NULL, NULL, NULL, NULL, NULL, NULL, NULL, NULL, NULL, NULL, NULL, NULL, NULL, NULL, NULL, NULL, NULL, '2019-08-22 16:53:30.487007', NULL, NULL, NULL);
INSERT INTO public."ConceptX" VALUES ('00000000-0000-0000-0000-000002000001', NULL, 200000, 255, 'брелок TouchMemory', NULL, NULL, NULL, NULL, NULL, NULL, NULL, NULL, NULL, NULL, NULL, NULL, NULL, NULL, NULL, NULL, NULL, NULL, NULL, NULL, NULL, NULL, '2019-08-22 17:01:06.061316', NULL, NULL, NULL);
INSERT INTO public."ConceptX" VALUES ('00000000-0000-0000-0000-000002000002', NULL, 200000, 255, 'Proximity карта', NULL, NULL, NULL, NULL, NULL, NULL, NULL, NULL, NULL, NULL, NULL, NULL, NULL, NULL, NULL, NULL, NULL, NULL, NULL, NULL, NULL, NULL, '2019-08-22 17:01:31.767316', NULL, NULL, NULL);
INSERT INTO public."ConceptX" VALUES ('00000000-0000-0000-0000-000000008002', NULL, 8200, 255, 'Посетитель', NULL, NULL, NULL, NULL, NULL, NULL, NULL, NULL, NULL, NULL, NULL, NULL, NULL, NULL, NULL, NULL, NULL, NULL, NULL, NULL, NULL, NULL, '2019-08-22 16:53:48.444212', NULL, NULL, NULL);
INSERT INTO public."ConceptX" VALUES ('00000000-0000-0000-0000-000003000000', NULL, 300000, 255, 'Базовый уровень доступа', NULL, NULL, NULL, NULL, NULL, NULL, NULL, NULL, NULL, NULL, NULL, NULL, NULL, NULL, NULL, NULL, NULL, NULL, NULL, NULL, NULL, NULL, '2019-08-22 17:57:50.404316', NULL, NULL, NULL);
INSERT INTO public."ConceptX" VALUES ('00000000-0000-0000-0001-000000007000', NULL, 7000, 255, 'Общий раздел', NULL, NULL, NULL, NULL, NULL, NULL, NULL, NULL, NULL, NULL, NULL, NULL, NULL, NULL, NULL, NULL, NULL, NULL, NULL, NULL, NULL, NULL, '2019-08-22 18:18:54.664316', NULL, NULL, NULL);
INSERT INTO public."ConceptX" VALUES ('00000000-0000-0000-0001-000000007001', NULL, 7000, 255, 'Охранный раздел', NULL, NULL, NULL, NULL, NULL, NULL, NULL, NULL, NULL, NULL, NULL, NULL, NULL, NULL, NULL, NULL, NULL, NULL, NULL, NULL, NULL, NULL, '2019-08-22 18:19:11.609316', NULL, NULL, NULL);
INSERT INTO public."ConceptX" VALUES ('00000000-0000-0000-0001-000000007002', NULL, 7000, 255, 'Пожарный раздел', NULL, NULL, NULL, NULL, NULL, NULL, NULL, NULL, NULL, NULL, NULL, NULL, NULL, NULL, NULL, NULL, NULL, NULL, NULL, NULL, NULL, NULL, '2019-08-22 18:19:31.116316', NULL, NULL, NULL);


--
-- Data for Name: ConfigX; Type: TABLE DATA; Schema: public; Owner: postgres
--

INSERT INTO public."ConfigX" VALUES ('00000000-0000-0000-0000-000000000003', NULL, 'Метки полей', 3, NULL, NULL, '{}', NULL, NULL);
INSERT INTO public."ConfigX" VALUES ('00000000-0000-0000-0000-000000000001', NULL, 'Справочники', 1, NULL, NULL, '{}', 'References', NULL);
INSERT INTO public."ConfigX" VALUES ('00000000-0000-0000-0000-000000001000', 1, 'Системы', 1000, NULL, NULL, '{}', NULL, NULL);
INSERT INTO public."ConfigX" VALUES ('00000000-0000-0000-0000-000000002000', 1, 'Компьютеры', 2000, NULL, NULL, '{}', NULL, NULL);
INSERT INTO public."ConfigX" VALUES ('00000000-0000-0000-0000-000000003000', 1, 'Интерфейсы', 3000, NULL, NULL, '{"Bits": {}, "Links": {}, "Labels": {"CINT1": "Порт", "CUUID1": "Тип ПИ", "CUUID2": "Тип протокола", "CUUID3": "Скорость порта", "CTXTBLOB": "Описание"}, "Formats": {}, "MenuSet": {}, "Defaults": {}, "Editable": {}, "Visibility": {}, "DesignTable": {}, "MenuActionSet": {}, "DesignRefRowsForm": {}, "DesignRefGroupsForm": {}}', 'Interfaces', NULL);
INSERT INTO public."ConfigX" VALUES ('00000000-0000-0000-0000-000000004000', 1, 'Пульты', 4000, NULL, NULL, '{}', NULL, NULL);
INSERT INTO public."ConfigX" VALUES ('00000000-0000-0000-0000-000000005000', 1, 'Приборы', 5000, NULL, NULL, '{"Bits": {}, "Links": {}, "Labels": {"CINT1": "Адрес"}, "Formats": {}, "MenuSet": {}, "Defaults": {}, "Editable": {}, "Visibility": {}, "DesignTable": {}, "MenuActionSet": {}, "DesignRefRowsForm": {}, "DesignRefGroupsForm": {}}', NULL, NULL);
INSERT INTO public."ConfigX" VALUES ('00000000-0000-0000-0000-000000006000', 1, 'Устройства', 6000, NULL, NULL, '{}', NULL, NULL);
INSERT INTO public."ConfigX" VALUES ('00000000-0000-0000-0000-000000007000', 1, 'Разделы', 7000, NULL, NULL, '{}', NULL, NULL);
INSERT INTO public."ConfigX" VALUES ('00000000-0000-0000-0000-000000008000', 1, 'Пользователи', 8000, NULL, NULL, '{}', NULL, NULL);
INSERT INTO public."ConfigX" VALUES ('00000000-0000-0000-0000-000000009000', 1, 'Преобразователи интерфесов', 9000, NULL, NULL, '{}', 'Interface converters', NULL);
INSERT INTO public."ConfigX" VALUES ('00000000-0000-0000-0000-000000010000', 1, 'Протоколы', 10000, NULL, NULL, '{}', 'Protocols', NULL);
INSERT INTO public."ConfigX" VALUES ('00000000-0000-0000-0000-000000011000', 1, 'Скорости передачи данных', 11000, NULL, NULL, '{}', 'Data transfer speed', NULL);
INSERT INTO public."ConfigX" VALUES ('00000000-0000-0000-0000-000000170000', 1, 'Режимы прохода', 170000, NULL, NULL, '{}', NULL, NULL);
INSERT INTO public."ConfigX" VALUES ('00000000-0000-0000-0000-000000130000', 1, 'Режимы работ', 130000, NULL, NULL, '{}', NULL, NULL);
INSERT INTO public."ConfigX" VALUES ('00000000-0000-0000-0000-000000140000', 1, 'Виды интерфейсов', 140000, NULL, NULL, '{}', NULL, NULL);
INSERT INTO public."ConfigX" VALUES ('00000000-0000-0000-0000-000000150000', 1, 'Битовые признаки', 150000, NULL, NULL, '{}', NULL, NULL);
INSERT INTO public."ConfigX" VALUES ('00000000-0000-0000-0000-000000160000', 1, 'Дежурные режимы', 160000, NULL, NULL, '{}', NULL, NULL);
INSERT INTO public."ConfigX" VALUES ('00000000-0000-0000-0000-000000180000', 1, 'Типы ключей', 180000, NULL, NULL, '{}', NULL, NULL);
INSERT INTO public."ConfigX" VALUES ('00000000-0000-0000-0000-000000190000', 1, 'Режимы antipassback', 190000, NULL, NULL, '{}', NULL, NULL);
INSERT INTO public."ConfigX" VALUES ('00000000-0000-0000-0000-000000005001', 1, 'C2000-2', 5001, NULL, NULL, '{}', NULL, NULL);
INSERT INTO public."ConfigX" VALUES ('00000000-0000-0000-0000-000002000000', 1, 'Типы ключей доступа', 200000, NULL, NULL, '{}', NULL, NULL);
INSERT INTO public."ConfigX" VALUES ('00000000-0000-0000-0000-000003000000', 1, 'Уровни доступа', 300000, NULL, NULL, '{}', NULL, NULL);
INSERT INTO public."ConfigX" VALUES ('00000000-0000-0000-0000-000000000002', NULL, 'Наборы на справочниках', 2, NULL, NULL, '{}', NULL, NULL);
INSERT INTO public."ConfigX" VALUES ('00000000-0000-0000-0000-000000000004', NULL, 'Наборы на экземплярах', 4, NULL, NULL, '{}', NULL, NULL);
INSERT INTO public."ConfigX" VALUES ('00000000-0000-0000-0000-000000400100', 4, 'Набор управление', 400100, NULL, NULL, '{}', NULL, NULL);
INSERT INTO public."ConfigX" VALUES ('00000000-0000-0000-0000-000000400200', 4, 'Набор ключей на сотруднике', 400200, NULL, NULL, '{"SIUUID2": "Уровень доступа"}', NULL, NULL);
INSERT INTO public."ConfigX" VALUES ('00000000-0000-0000-0000-000000500100', 4, 'Наборы входов', 500100, NULL, NULL, NULL, NULL, NULL);


--
-- Data for Name: ISetX; Type: TABLE DATA; Schema: public; Owner: postgres
--

INSERT INTO public."ISetX" VALUES ('c0bc125b-089e-4d0f-90a9-93346a48ba2d', 'Брелок на Иванове', 'bcb6038b-18be-4033-80f9-6bc6c128a40e', '077108a5-8ab3-44f7-841d-5ca7d58e8319', 400200, NULL);
INSERT INTO public."ISetX" VALUES ('fec17671-c4df-47a2-88be-04ab4f039280', 'Первый шлейф Первого этажа', '73d92d05-1033-4878-8422-bdf1ab33fade', 'c6b9811f-dc9b-4529-92e4-f2f09e9f0d8a', 500100, NULL);
INSERT INTO public."ISetX" VALUES ('ba836a5f-2dd1-41d8-bda3-40ce172f3383', 'Первый раздел на Максмальном УД', 'e0cfa143-dfd8-4b20-a847-b7307aba9d3e', '73d92d05-1033-4878-8422-bdf1ab33fade', 400100, NULL);


--
-- Data for Name: InstanceX; Type: TABLE DATA; Schema: public; Owner: postgres
--

INSERT INTO public."InstanceX" VALUES ('bcb6038b-18be-4033-80f9-6bc6c128a40e', '00000000-0000-0000-0000-000000008011', 'Иванова И.И.', NULL, NULL, NULL, 8200, NULL, '00000000-0000-0000-0000-000000008001', NULL, NULL);
INSERT INTO public."InstanceX" VALUES ('e0cfa143-dfd8-4b20-a847-b7307aba9d3e', NULL, 'Максимум', NULL, NULL, NULL, 300000, NULL, '00000000-0000-0000-0000-000003000000', NULL, NULL);
INSERT INTO public."InstanceX" VALUES ('73d92d05-1033-4878-8422-bdf1ab33fade', NULL, 'Первый этаж', NULL, NULL, NULL, NULL, NULL, '00000000-0000-0000-0001-000000007001', NULL, NULL);
INSERT INTO public."InstanceX" VALUES ('c6b9811f-dc9b-4529-92e4-f2f09e9f0d8a', NULL, 'Первый шлейф', NULL, NULL, NULL, NULL, NULL, '24227921-6d86-4bed-9654-310a5e28b408', NULL, NULL);
INSERT INTO public."InstanceX" VALUES ('077108a5-8ab3-44f7-841d-5ca7d58e8319', NULL, 'Брелок', NULL, NULL, NULL, 200000, NULL, '00000000-0000-0000-0000-000002000001', 1, 'e0cfa143-dfd8-4b20-a847-b7307aba9d3e');


--
-- Data for Name: SetX; Type: TABLE DATA; Schema: public; Owner: postgres
--

INSERT INTO public."SetX" VALUES ('571c6c31-5569-4619-aa14-0157d989f152', 1000000, '00000000-0000-0000-0000-000000005001', '24227921-6d86-4bed-9654-310a5e28b408', 'Считыватель2', NULL, NULL);
INSERT INTO public."SetX" VALUES ('571c6c31-5569-4619-aa14-0157d989f154', 2000000, '00000000-0000-0000-0000-000000005001', NULL, 'Вход2', NULL, NULL);
INSERT INTO public."SetX" VALUES ('571c6c31-5569-4619-aa14-0157d989f153', 2000000, '00000000-0000-0000-0000-000000005001', NULL, 'Вход1', NULL, NULL);
INSERT INTO public."SetX" VALUES ('571c6c31-5569-4619-aa14-0157d989f155', 3000000, '00000000-0000-0000-0000-000000005001', NULL, 'Выход1', NULL, NULL);
INSERT INTO public."SetX" VALUES ('571c6c31-5569-4619-aa14-0157d989f156', 3000000, '00000000-0000-0000-0000-000000005001', NULL, 'Выход2', NULL, NULL);
INSERT INTO public."SetX" VALUES ('24227921-6d86-4bed-9654-310a5e28b408', NULL, NULL, NULL, 'Считыватель', 1, 15);
INSERT INTO public."SetX" VALUES ('571c6c31-5569-4619-aa14-0157d989f151', 1000000, '00000000-0000-0000-0000-000000005001', '24227921-6d86-4bed-9654-310a5e28b408', 'Считыватель1', NULL, 15);


--
-- Data for Name: TreeX; Type: TABLE DATA; Schema: public; Owner: postgres
--



--
-- Name: ConceptX ConceptX_pkey; Type: CONSTRAINT; Schema: public; Owner: postgres
--

ALTER TABLE ONLY public."ConceptX"
    ADD CONSTRAINT "ConceptX_pkey" PRIMARY KEY ("GUID");


--
-- Name: ConfigX ConfigX_pkey; Type: CONSTRAINT; Schema: public; Owner: postgres
--

ALTER TABLE ONLY public."ConfigX"
    ADD CONSTRAINT "ConfigX_pkey" PRIMARY KEY ("CFGUID");


--
-- Name: SetX SetsX_GUID_key; Type: CONSTRAINT; Schema: public; Owner: postgres
--

ALTER TABLE ONLY public."SetX"
    ADD CONSTRAINT "SetsX_GUID_key" UNIQUE ("GUID");


--
-- Name: ISetX unique_ISetX_IUUID; Type: CONSTRAINT; Schema: public; Owner: postgres
--

ALTER TABLE ONLY public."ISetX"
    ADD CONSTRAINT "unique_ISetX_IUUID" UNIQUE ("ISUUID");


--
-- Name: InstanceX unique_ObjectX_GUID; Type: CONSTRAINT; Schema: public; Owner: postgres
--

ALTER TABLE ONLY public."InstanceX"
    ADD CONSTRAINT "unique_ObjectX_GUID" UNIQUE ("IUUID");


--
-- Name: TreeX unique_TreeX_TUUID; Type: CONSTRAINT; Schema: public; Owner: postgres
--

ALTER TABLE ONLY public."TreeX"
    ADD CONSTRAINT "unique_TreeX_TUUID" UNIQUE ("TUUID");


--
-- Name: index_Conf; Type: INDEX; Schema: public; Owner: postgres
--

CREATE INDEX "index_Conf" ON public."ConfigX" USING btree ("CFConf");


--
-- PostgreSQL database dump complete
--

